epoch,acc,loss
0,0.09478759765625,1.8028563261032104
