epoch,acc,loss
0,0.07879638671875,1.702887773513794
