epoch,acc,loss
0,0.062896728515625,2.013066291809082
