epoch,acc,loss
0,0.068511962890625,1.9658145904541016
