epoch,acc,loss
0,0.067108154296875,1.9957622289657593
