epoch,acc,loss
0,0.069061279296875,1.8365087509155273
