epoch,acc,loss
0,0.072174072265625,1.9289475679397583
