epoch,acc,loss
0,0.060699462890625,2.064321994781494
