epoch,acc,loss
0,0.0675048828125,1.9868247509002686
