epoch,acc,loss
0,0.062713623046875,1.7001713514328003
