epoch,acc,loss
0,0.054168701171875,1.8950077295303345
