epoch,acc,loss
0,0.086669921875,1.8070733547210693
