epoch,acc,loss
0,0.057464599609375,1.877295732498169
