epoch,acc,loss
0,0.07672119140625,1.8595266342163086
